journal,file
Alzheimers_Res_Ther/,comm_use.A-B.xml.tar.gz
Biol_Direct/,comm_use.A-B.xml.tar.gz
BMC_Neurosci/,comm_use.A-B.xml.tar.gz
BMC_Biochem/,comm_use.A-B.xml.tar.gz
BMC_Nephrol/,comm_use.A-B.xml.tar.gz
BMC_Genomics/,comm_use.A-B.xml.tar.gz
BMC_Pulm_Med/,comm_use.A-B.xml.tar.gz
BMC_Ophthalmol/,comm_use.A-B.xml.tar.gz
BMC_Complement_Altern_Med/,comm_use.A-B.xml.tar.gz
BMC_Cancer/,comm_use.A-B.xml.tar.gz
BMC_Biol/,comm_use.A-B.xml.tar.gz
Arthritis_Res_Ther/,comm_use.A-B.xml.tar.gz
AIDS_Res_Ther/,comm_use.A-B.xml.tar.gz
BMC_Urol/,comm_use.A-B.xml.tar.gz
BMC_Microbiol/,comm_use.A-B.xml.tar.gz
BMC_Musculoskelet_Disord/,comm_use.A-B.xml.tar.gz
BMC_Plant_Biol/,comm_use.A-B.xml.tar.gz
BMC_Pediatr/,comm_use.A-B.xml.tar.gz
BMC_Dev_Biol/,comm_use.A-B.xml.tar.gz
BMC_Endocr_Disord/,comm_use.A-B.xml.tar.gz
BMC_Res_Notes/,comm_use.A-B.xml.tar.gz
Biochem_J/,comm_use.A-B.xml.tar.gz
BMJ_Open/,comm_use.A-B.xml.tar.gz
BMC_Immunol/,comm_use.A-B.xml.tar.gz
BMC_Evol_Biol/,comm_use.A-B.xml.tar.gz
BMC_Clin_Pathol/,comm_use.A-B.xml.tar.gz
BMC_Biotechnol/,comm_use.A-B.xml.tar.gz
BMC_Med/,comm_use.A-B.xml.tar.gz
BMC_Vet_Res/,comm_use.A-B.xml.tar.gz
BMC_Med_Genomics/,comm_use.A-B.xml.tar.gz
BMC_Bioinformatics/,comm_use.A-B.xml.tar.gz
BMC_Physiol/,comm_use.A-B.xml.tar.gz
Biol_Sex_Differ/,comm_use.A-B.xml.tar.gz
BMC_Gastroenterol/,comm_use.A-B.xml.tar.gz
BMC_Pharmacol_Toxicol/,comm_use.A-B.xml.tar.gz
BMC_Cell_Biol/,comm_use.A-B.xml.tar.gz
Alcohol_Res_Health/,comm_use.A-B.xml.tar.gz
Acta_Neuropathol_Commun/,comm_use.A-B.xml.tar.gz
Biol_Res/,comm_use.A-B.xml.tar.gz
BMC_Syst_Biol/,comm_use.A-B.xml.tar.gz
BMC_Anesthesiol/,comm_use.A-B.xml.tar.gz
Brief_Funct_Genomics/,comm_use.A-B.xml.tar.gz
Allergy_Asthma_Clin_Immunol/,comm_use.A-B.xml.tar.gz
BMC_Mol_Biol/,comm_use.A-B.xml.tar.gz
BMC_Genet/,comm_use.A-B.xml.tar.gz
Brain_Behav/,comm_use.A-B.xml.tar.gz
AoB_Plants/,comm_use.A-B.xml.tar.gz
Bone/,comm_use.A-B.xml.tar.gz
BMC_Dermatol/,comm_use.A-B.xml.tar.gz
Breast_Cancer_Res/,comm_use.A-B.xml.tar.gz
Am_J_Physiol_Endocrinol_Metab/,comm_use.A-B.xml.tar.gz
Angiogenesis/,comm_use.A-B.xml.tar.gz
Ann_Rheum_Dis/,comm_use.A-B.xml.tar.gz
BMC_Struct_Biol/,comm_use.A-B.xml.tar.gz
BMC_Pharmacol/,comm_use.A-B.xml.tar.gz
Br_J_Cancer/,comm_use.A-B.xml.tar.gz
Autoimmunity/,comm_use.A-B.xml.tar.gz
BMC_Chem_Biol/,comm_use.A-B.xml.tar.gz
Biomark_Insights/,comm_use.A-B.xml.tar.gz
Aging_Cell/,comm_use.A-B.xml.tar.gz
Biol_Proced_Online/,comm_use.A-B.xml.tar.gz
Allergy/,comm_use.A-B.xml.tar.gz
Breast_Cancer_(Auckl)/,comm_use.A-B.xml.tar.gz
Am_J_Physiol_Heart_Circ_Physiol/,comm_use.A-B.xml.tar.gz
Acta_Naturae/,comm_use.A-B.xml.tar.gz
Biol_Mood_Anxiety_Disord/,comm_use.A-B.xml.tar.gz
Brain/,comm_use.A-B.xml.tar.gz
Biosci_Rep/,comm_use.A-B.xml.tar.gz
Braz_J_Med_Biol_Res/,comm_use.A-B.xml.tar.gz
Am_J_Physiol_Cell_Physiol/,comm_use.A-B.xml.tar.gz
ASN_Neuro/,comm_use.A-B.xml.tar.gz
Aging_(Albany_NY)/,comm_use.A-B.xml.tar.gz
Blood_Cancer_J/,comm_use.A-B.xml.tar.gz
Am_J_Clin_Nutr/,comm_use.A-B.xml.tar.gz
Alcohol_Res/,comm_use.A-B.xml.tar.gz
Biomark_Res/,comm_use.A-B.xml.tar.gz
Biology_(Basel)/,comm_use.A-B.xml.tar.gz
Autophagy/,comm_use.A-B.xml.tar.gz
Biochimie/,comm_use.A-B.xml.tar.gz
Brain_Sci/,comm_use.A-B.xml.tar.gz
Biomolecules/,comm_use.A-B.xml.tar.gz
Br_J_Pharmacol/,comm_use.A-B.xml.tar.gz
Biol_Open/,comm_use.A-B.xml.tar.gz
Br_J_Clin_Pharmacol/,comm_use.A-B.xml.tar.gz
Ann_Clin_Transl_Neurol/,comm_use.A-B.xml.tar.gz
Antioxid_Redox_Signal/,comm_use.A-B.xml.tar.gz
Apoptosis/,comm_use.A-B.xml.tar.gz
Amino_Acids/,comm_use.A-B.xml.tar.gz
Atherosclerosis/,comm_use.A-B.xml.tar.gz
Am_J_Physiol_Gastrointest_Liver_Physiol/,comm_use.A-B.xml.tar.gz
Am_J_Physiol_Lung_Cell_Mol_Physiol/,comm_use.A-B.xml.tar.gz
Am_J_Physiol_Renal_Physiol/,comm_use.A-B.xml.tar.gz
Adipocyte/,comm_use.A-B.xml.tar.gz
Biomed_Res_Int/,comm_use.A-B.xml.tar.gz
Anat_Res_Int/,comm_use.A-B.xml.tar.gz
Autoimmune_Dis/,comm_use.A-B.xml.tar.gz
Biochem_Res_Int/,comm_use.A-B.xml.tar.gz
Adv_Virol/,comm_use.A-B.xml.tar.gz
Adv_Pharmacol_Sci/,comm_use.A-B.xml.tar.gz
Bioinformation/,comm_use.A-B.xml.tar.gz
Arthritis/,comm_use.A-B.xml.tar.gz
Adv_Hematol/,comm_use.A-B.xml.tar.gz
Bone_Marrow_Res/,comm_use.A-B.xml.tar.gz
Anemia/,comm_use.A-B.xml.tar.gz
Biomedicine_(Taipei)/,comm_use.A-B.xml.tar.gz
Biochem_Insights/,comm_use.A-B.xml.tar.gz
ACS_Chem_Neurosci/,comm_use.A-B.xml.tar.gz
Asian-Australas_J_Anim_Sci/,comm_use.A-B.xml.tar.gz
Biomark_Cancer/,comm_use.A-B.xml.tar.gz
Acta_Pharmacol_Sin/,comm_use.A-B.xml.tar.gz
Biomacromolecules/,comm_use.A-B.xml.tar.gz
Crit_Care/,comm_use.C-H.xml.tar.gz
Genome_Biol/,comm_use.C-H.xml.tar.gz
Cardiovasc_Diabetol/,comm_use.C-H.xml.tar.gz
Environ_Health/,comm_use.C-H.xml.tar.gz
eLife/,comm_use.C-H.xml.tar.gz
Epigenetics_Chromatin/,comm_use.C-H.xml.tar.gz
Diagn_Pathol/,comm_use.C-H.xml.tar.gz
Chem_Cent_J/,comm_use.C-H.xml.tar.gz
F1000Res/,comm_use.C-H.xml.tar.gz
Dis_Model_Mech/,comm_use.C-H.xml.tar.gz
Cell/,comm_use.C-H.xml.tar.gz
Cancer_Cell_Int/,comm_use.C-H.xml.tar.gz
Chin_Med/,comm_use.C-H.xml.tar.gz
Diabetol_Metab_Syndr/,comm_use.C-H.xml.tar.gz
Comp_Hepatol/,comm_use.C-H.xml.tar.gz
Clin_Epigenetics/,comm_use.C-H.xml.tar.gz
Gut_Pathog/,comm_use.C-H.xml.tar.gz
Front_Behav_Neurosci/,comm_use.C-H.xml.tar.gz
Cell_Div/,comm_use.C-H.xml.tar.gz
Exp_Hematol_Oncol/,comm_use.C-H.xml.tar.gz
Cell_Commun_Signal/,comm_use.C-H.xml.tar.gz
Genome_Med/,comm_use.C-H.xml.tar.gz
Front_Aging_Neurosci/,comm_use.C-H.xml.tar.gz
Database_(Oxford)/,comm_use.C-H.xml.tar.gz
Hum_Mol_Genet/,comm_use.C-H.xml.tar.gz
Fibrogenesis_Tissue_Repair/,comm_use.C-H.xml.tar.gz
Front_Neurol/,comm_use.C-H.xml.tar.gz
Front_Microbiol/,comm_use.C-H.xml.tar.gz
Front_Psychol/,comm_use.C-H.xml.tar.gz
Front_Psychiatry/,comm_use.C-H.xml.tar.gz
Front_Cell_Neurosci/,comm_use.C-H.xml.tar.gz
Front_Mol_Biosci/,comm_use.C-H.xml.tar.gz
Front_Immunol/,comm_use.C-H.xml.tar.gz
Front_Neurosci/,comm_use.C-H.xml.tar.gz
Front_Plant_Sci/,comm_use.C-H.xml.tar.gz
Front_Oncol/,comm_use.C-H.xml.tar.gz
Front_Endocrinol_(Lausanne)/,comm_use.C-H.xml.tar.gz
Front_Pediatr/,comm_use.C-H.xml.tar.gz
Front_Genet/,comm_use.C-H.xml.tar.gz
Front_Pharmacol/,comm_use.C-H.xml.tar.gz
Front_Cell_Dev_Biol/,comm_use.C-H.xml.tar.gz
Front_Cell_Infect_Microbiol/,comm_use.C-H.xml.tar.gz
Front_Integr_Neurosci/,comm_use.C-H.xml.tar.gz
Front_Physiol/,comm_use.C-H.xml.tar.gz
Front_Neural_Circuits/,comm_use.C-H.xml.tar.gz
Front_Comput_Neurosci/,comm_use.C-H.xml.tar.gz
Front_Syst_Neurosci/,comm_use.C-H.xml.tar.gz
Front_Neuroanat/,comm_use.C-H.xml.tar.gz
Front_Mol_Neurosci/,comm_use.C-H.xml.tar.gz
Front_Chem/,comm_use.C-H.xml.tar.gz
Cell_Biosci/,comm_use.C-H.xml.tar.gz
EMBO_J/,comm_use.C-H.xml.tar.gz
Epigenetics/,comm_use.C-H.xml.tar.gz
Cell_Death_Differ/,comm_use.C-H.xml.tar.gz
Colomb_Med_(Cali)/,comm_use.C-H.xml.tar.gz
Front_Synaptic_Neurosci/,comm_use.C-H.xml.tar.gz
Eur_Heart_J/,comm_use.C-H.xml.tar.gz
Comput_Struct_Biotechnol_J/,comm_use.C-H.xml.tar.gz
Diabetologia/,comm_use.C-H.xml.tar.gz
Environ_Health_Perspect/,comm_use.C-H.xml.tar.gz
Gut/,comm_use.C-H.xml.tar.gz
Cell_Chromosome/,comm_use.C-H.xml.tar.gz
Comp_Funct_Genomics/,comm_use.C-H.xml.tar.gz
Curr_Neuropharmacol/,comm_use.C-H.xml.tar.gz
Curr_Genomics/,comm_use.C-H.xml.tar.gz
Gene_Regul_Syst_Bio/,comm_use.C-H.xml.tar.gz
Curr_Cardiol_Rev/,comm_use.C-H.xml.tar.gz
Hippocampus/,comm_use.C-H.xml.tar.gz
Genome_Integr/,comm_use.C-H.xml.tar.gz
Clin_Med_Oncol/,comm_use.C-H.xml.tar.gz
Eur_J_Med_Res/,comm_use.C-H.xml.tar.gz
Herpesviridae/,comm_use.C-H.xml.tar.gz
Glia/,comm_use.C-H.xml.tar.gz
Cancer_Biol_Ther/,comm_use.C-H.xml.tar.gz
Emerg_Microbes_Infect/,comm_use.C-H.xml.tar.gz
FEBS_Open_Bio/,comm_use.C-H.xml.tar.gz
Cancer_Metab/,comm_use.C-H.xml.tar.gz
Development/,comm_use.C-H.xml.tar.gz
Endocrinology/,comm_use.C-H.xml.tar.gz
CNS_Neurosci_Ther/,comm_use.C-H.xml.tar.gz
Front_Neuroenergetics/,comm_use.C-H.xml.tar.gz
Genes_Cancer/,comm_use.C-H.xml.tar.gz
EMBO_Mol_Med/,comm_use.C-H.xml.tar.gz
Exp_Ther_Med/,comm_use.C-H.xml.tar.gz
Clin_Dev_Immunol/,comm_use.C-H.xml.tar.gz
Cilia/,comm_use.C-H.xml.tar.gz
Cancer_Med/,comm_use.C-H.xml.tar.gz
Cell_J/,comm_use.C-H.xml.tar.gz
Drug_Target_Insights/,comm_use.C-H.xml.tar.gz
Cell_Death_Dis/,comm_use.C-H.xml.tar.gz
Cancer_Biol_Med/,comm_use.C-H.xml.tar.gz
Endocr_Connect/,comm_use.C-H.xml.tar.gz
Hum_Reprod/,comm_use.C-H.xml.tar.gz
Cancers_(Basel)/,comm_use.C-H.xml.tar.gz
DNA_Res/,comm_use.C-H.xml.tar.gz
Carcinogenesis/,comm_use.C-H.xml.tar.gz
Exp_Mol_Med/,comm_use.C-H.xml.tar.gz
EMBO_Rep/,comm_use.C-H.xml.tar.gz
Genes_(Basel)/,comm_use.C-H.xml.tar.gz
Cells/,comm_use.C-H.xml.tar.gz
Hum_Reprod_Update/,comm_use.C-H.xml.tar.gz
Cardiovasc_Res/,comm_use.C-H.xml.tar.gz
Clin_Interv_Aging/,comm_use.C-H.xml.tar.gz
G3_(Bethesda)/,comm_use.C-H.xml.tar.gz
Drug_Des_Devel_Ther/,comm_use.C-H.xml.tar.gz
Glycobiology/,comm_use.C-H.xml.tar.gz
Commun_Integr_Biol/,comm_use.C-H.xml.tar.gz
Cereb_Cortex/,comm_use.C-H.xml.tar.gz
Epigenomics/,comm_use.C-H.xml.tar.gz
Genetics/,comm_use.C-H.xml.tar.gz
Cell_Mol_Bioeng/,comm_use.C-H.xml.tar.gz
Cell_Adh_Migr/,comm_use.C-H.xml.tar.gz
Gut_Microbes/,comm_use.C-H.xml.tar.gz
Cell_Cycle/,comm_use.C-H.xml.tar.gz
Cell_Mol_Immunol/,comm_use.C-H.xml.tar.gz
Genes_Nutr/,comm_use.C-H.xml.tar.gz
Endocrine/,comm_use.C-H.xml.tar.gz
Cell_Stem_Cell/,comm_use.C-H.xml.tar.gz
Cancer_Microenviron/,comm_use.C-H.xml.tar.gz
Clin_Exp_Gastroenterol/,comm_use.C-H.xml.tar.gz
Chromosoma/,comm_use.C-H.xml.tar.gz
Dermatoendocrinol/,comm_use.C-H.xml.tar.gz
EBioMedicine/,comm_use.C-H.xml.tar.gz
Channels_(Austin)/,comm_use.C-H.xml.tar.gz
Cell_Res/,comm_use.C-H.xml.tar.gz
Gastric_Cancer/,comm_use.C-H.xml.tar.gz
Cancer_Cell/,comm_use.C-H.xml.tar.gz
Chin_J_Cancer/,comm_use.C-H.xml.tar.gz
FASEB_J/,comm_use.C-H.xml.tar.gz
Gastroenterol_Res_Pract/,comm_use.C-H.xml.tar.gz
Evid_Based_Complement_Alternat_Med/,comm_use.C-H.xml.tar.gz
Dis_Markers/,comm_use.C-H.xml.tar.gz
Dermatol_Res_Pract/,comm_use.C-H.xml.tar.gz
Crit_Care_Res_Pract/,comm_use.C-H.xml.tar.gz
Drugs_R_D/,comm_use.C-H.xml.tar.gz
Genet_Res_Int/,comm_use.C-H.xml.tar.gz
Curr_Gerontol_Geriatr_Res/,comm_use.C-H.xml.tar.gz
Cholesterol/,comm_use.C-H.xml.tar.gz
Enzyme_Res/,comm_use.C-H.xml.tar.gz
Cardiovasc_Psychiatry_Neurol/,comm_use.C-H.xml.tar.gz
Chemother_Res_Pract/,comm_use.C-H.xml.tar.gz
Exp_Diabetes_Res/,comm_use.C-H.xml.tar.gz
Glob_Cardiol_Sci_Pract/,comm_use.C-H.xml.tar.gz
Cancer_Manag_Res/,comm_use.C-H.xml.tar.gz
Cancer_Growth_Metastasis/,comm_use.C-H.xml.tar.gz
Clin_Med_Insights_Oncol/,comm_use.C-H.xml.tar.gz
Clin_Transl_Gastroenterol/,comm_use.C-H.xml.tar.gz
Diabetes_Metab_Syndr_Obes/,comm_use.C-H.xml.tar.gz
Glob_Adv_Health_Med/,comm_use.C-H.xml.tar.gz
Genomics_Inform/,comm_use.C-H.xml.tar.gz
Hepat_Med/,comm_use.C-H.xml.tar.gz
J_Exp_Bot/,comm_use.I-N.xml.tar.gz
Mol_Pain/,comm_use.I-N.xml.tar.gz
J_Neuroinflammation/,comm_use.I-N.xml.tar.gz
Malar_J/,comm_use.I-N.xml.tar.gz
J_Transl_Med/,comm_use.I-N.xml.tar.gz
Microb_Cell_Fact/,comm_use.I-N.xml.tar.gz
Mol_Syst_Biol/,comm_use.I-N.xml.tar.gz
Nucleic_Acids_Res/,comm_use.I-N.xml.tar.gz
J_Lipid_Res/,comm_use.I-N.xml.tar.gz
Inflamm_Bowel_Dis/,comm_use.I-N.xml.tar.gz
Mol_Ther/,comm_use.I-N.xml.tar.gz
Mol_Ther_Methods_Clin_Dev/,comm_use.I-N.xml.tar.gz
Nat_Commun/,comm_use.I-N.xml.tar.gz
mBio/,comm_use.I-N.xml.tar.gz
Mol_Brain/,comm_use.I-N.xml.tar.gz
Mol_Cancer/,comm_use.I-N.xml.tar.gz
J_Exp_Clin_Cancer_Res/,comm_use.I-N.xml.tar.gz
Nutr_Metab_(Lond)/,comm_use.I-N.xml.tar.gz
Infect_Agent_Cancer/,comm_use.I-N.xml.tar.gz
J_Int_Soc_Sports_Nutr/,comm_use.I-N.xml.tar.gz
J_Negat_Results_Biomed/,comm_use.I-N.xml.tar.gz
Nutr_J/,comm_use.I-N.xml.tar.gz
J_Hematol_Oncol/,comm_use.I-N.xml.tar.gz
J_Biomed_Sci/,comm_use.I-N.xml.tar.gz
J_Cell_Sci/,comm_use.I-N.xml.tar.gz
J_Ovarian_Res/,comm_use.I-N.xml.tar.gz
Lipids_Health_Dis/,comm_use.I-N.xml.tar.gz
Neural_Dev/,comm_use.I-N.xml.tar.gz
J_Anim_Sci_Biotechnol/,comm_use.I-N.xml.tar.gz
J_Intensive_Care/,comm_use.I-N.xml.tar.gz
Med_Gas_Res/,comm_use.I-N.xml.tar.gz
J_Inflamm_(Lond)/,comm_use.I-N.xml.tar.gz
J_Occup_Med_Toxicol/,comm_use.I-N.xml.tar.gz
J_Cell_Mol_Med/,comm_use.I-N.xml.tar.gz
Mar_Drugs/,comm_use.I-N.xml.tar.gz
Nutrients/,comm_use.I-N.xml.tar.gz
J_Virol/,comm_use.I-N.xml.tar.gz
J_Diabetes_Investig/,comm_use.I-N.xml.tar.gz
J_Biol_Chem/,comm_use.I-N.xml.tar.gz
Int_J_Oncol/,comm_use.I-N.xml.tar.gz
Mol_Autism/,comm_use.I-N.xml.tar.gz
Med_Hypothesis_Discov_Innov_Ophthalmol/,comm_use.I-N.xml.tar.gz
J_Insect_Sci/,comm_use.I-N.xml.tar.gz
J_Nanobiotechnology/,comm_use.I-N.xml.tar.gz
Mol_Neurodegener/,comm_use.I-N.xml.tar.gz
Mediterr_J_Hematol_Infect_Dis/,comm_use.I-N.xml.tar.gz
J_Biol/,comm_use.I-N.xml.tar.gz
J_Mol_Signal/,comm_use.I-N.xml.tar.gz
J_Carcinog/,comm_use.I-N.xml.tar.gz
Nucl_Recept/,comm_use.I-N.xml.tar.gz
Mol_Vis/,comm_use.I-N.xml.tar.gz
Mediators_Inflamm/,comm_use.I-N.xml.tar.gz
Int_J_Mol_Sci/,comm_use.I-N.xml.tar.gz
J_Angiogenes_Res/,comm_use.I-N.xml.tar.gz
Immune_Netw/,comm_use.I-N.xml.tar.gz
J_Med_Genet/,comm_use.I-N.xml.tar.gz
J_Periodontal_Implant_Sci/,comm_use.I-N.xml.tar.gz
J_Gen_Virol/,comm_use.I-N.xml.tar.gz
J_Bone_Miner_Res/,comm_use.I-N.xml.tar.gz
Microbiology/,comm_use.I-N.xml.tar.gz
Nutr_Diabetes/,comm_use.I-N.xml.tar.gz
J_Ophthalmic_Vis_Res/,comm_use.I-N.xml.tar.gz
Microbiologyopen/,comm_use.I-N.xml.tar.gz
J_Am_Heart_Assoc/,comm_use.I-N.xml.tar.gz
J_Oral_Microbiol/,comm_use.I-N.xml.tar.gz
Int_J_Mol_Med/,comm_use.I-N.xml.tar.gz
Mol_Med_Rep/,comm_use.I-N.xml.tar.gz
J_Biomed_Res/,comm_use.I-N.xml.tar.gz
IUBMB_Life/,comm_use.I-N.xml.tar.gz
Int_J_Biomed_Sci/,comm_use.I-N.xml.tar.gz
Iran_J_Basic_Med_Sci/,comm_use.I-N.xml.tar.gz
Leukemia/,comm_use.I-N.xml.tar.gz
Neurosignals/,comm_use.I-N.xml.tar.gz
J_Mol_Cell_Biol/,comm_use.I-N.xml.tar.gz
J_Bacteriol/,comm_use.I-N.xml.tar.gz
Mol_Cell_Biol/,comm_use.I-N.xml.tar.gz
J_Extracell_Vesicles/,comm_use.I-N.xml.tar.gz
J_Cardiovasc_Dis_Res/,comm_use.I-N.xml.tar.gz
Mol_Plant/,comm_use.I-N.xml.tar.gz
J_Natl_Cancer_Inst/,comm_use.I-N.xml.tar.gz
Iran_J_Neurol/,comm_use.I-N.xml.tar.gz
Iran_J_Pharm_Res/,comm_use.I-N.xml.tar.gz
J_Histochem_Cytochem/,comm_use.I-N.xml.tar.gz
Mol_Hum_Reprod/,comm_use.I-N.xml.tar.gz
MAbs/,comm_use.I-N.xml.tar.gz
J_Circadian_Rhythms/,comm_use.I-N.xml.tar.gz
Mol_Ther_Nucleic_Acids/,comm_use.I-N.xml.tar.gz
Molecules/,comm_use.I-N.xml.tar.gz
Mol_Metab/,comm_use.I-N.xml.tar.gz
J_Physiol/,comm_use.I-N.xml.tar.gz
Membranes_(Basel)/,comm_use.I-N.xml.tar.gz
Metabolites/,comm_use.I-N.xml.tar.gz
Nephrol_Dial_Transplant/,comm_use.I-N.xml.tar.gz
J_Radiat_Res/,comm_use.I-N.xml.tar.gz
J_Nutr_Sci/,comm_use.I-N.xml.tar.gz
Int_J_Nanomedicine/,comm_use.I-N.xml.tar.gz
Neuropsychiatr_Dis_Treat/,comm_use.I-N.xml.tar.gz
Immun_Inflamm_Dis/,comm_use.I-N.xml.tar.gz
Nucl_Recept_Signal/,comm_use.I-N.xml.tar.gz
Immunology/,comm_use.I-N.xml.tar.gz
Neuropsychopharmacology/,comm_use.I-N.xml.tar.gz
Int_J_Chron_Obstruct_Pulmon_Dis/,comm_use.I-N.xml.tar.gz
Int_J_Hematol_Oncol_Stem_Cell_Res/,comm_use.I-N.xml.tar.gz
Lipids/,comm_use.I-N.xml.tar.gz
Neuron/,comm_use.I-N.xml.tar.gz
Immunity/,comm_use.I-N.xml.tar.gz
Neuroscience/,comm_use.I-N.xml.tar.gz
Nucleus/,comm_use.I-N.xml.tar.gz
Islets/,comm_use.I-N.xml.tar.gz
Int_Immunol/,comm_use.I-N.xml.tar.gz
Mol_Cell_Proteomics/,comm_use.I-N.xml.tar.gz
Nature/,comm_use.I-N.xml.tar.gz
J_Cachexia_Sarcopenia_Muscle/,comm_use.I-N.xml.tar.gz
J_Cell_Commun_Signal/,comm_use.I-N.xml.tar.gz
J_Exerc_Nutrition_Biochem/,comm_use.I-N.xml.tar.gz
Mol_Endocrinol/,comm_use.I-N.xml.tar.gz
J_Clin_Endocrinol_Metab/,comm_use.I-N.xml.tar.gz
J_Leukoc_Biol/,comm_use.I-N.xml.tar.gz
Indian_J_Pharmacol/,comm_use.I-N.xml.tar.gz
Indian_J_Med_Res/,comm_use.I-N.xml.tar.gz
J_Res_Med_Sci/,comm_use.I-N.xml.tar.gz
Int_J_Hepatol/,comm_use.I-N.xml.tar.gz
J_Immunol_Res/,comm_use.I-N.xml.tar.gz
J_Ophthalmol/,comm_use.I-N.xml.tar.gz
Int_J_Breast_Cancer/,comm_use.I-N.xml.tar.gz
Int_J_Genomics/,comm_use.I-N.xml.tar.gz
Int_J_Alzheimers_Dis/,comm_use.I-N.xml.tar.gz
Int_J_Nephrol/,comm_use.I-N.xml.tar.gz
J_Diabetes_Res/,comm_use.I-N.xml.tar.gz
Neural_Plast/,comm_use.I-N.xml.tar.gz
J_Oncol/,comm_use.I-N.xml.tar.gz
J_Trop_Med/,comm_use.I-N.xml.tar.gz
J_Obes/,comm_use.I-N.xml.tar.gz
Int_J_Vasc_Med/,comm_use.I-N.xml.tar.gz
Int_J_Inflam/,comm_use.I-N.xml.tar.gz
J_Nutr_Metab/,comm_use.I-N.xml.tar.gz
J_Drug_Deliv/,comm_use.I-N.xml.tar.gz
Int_J_Hypertens/,comm_use.I-N.xml.tar.gz
J_Parasitol_Res/,comm_use.I-N.xml.tar.gz
J_Nucleic_Acids/,comm_use.I-N.xml.tar.gz
J_Cell_Biol/,comm_use.I-N.xml.tar.gz
J_Transplant/,comm_use.I-N.xml.tar.gz
Int_J_Endocrinol/,comm_use.I-N.xml.tar.gz
J_Amino_Acids/,comm_use.I-N.xml.tar.gz
J_Aging_Res/,comm_use.I-N.xml.tar.gz
J_Toxicol/,comm_use.I-N.xml.tar.gz
J_Allergy_(Cairo)/,comm_use.I-N.xml.tar.gz
J_Gen_Physiol/,comm_use.I-N.xml.tar.gz
Int_J_Cell_Biol/,comm_use.I-N.xml.tar.gz
Int_J_Pept/,comm_use.I-N.xml.tar.gz
J_Thyroid_Res/,comm_use.I-N.xml.tar.gz
J_Exp_Med/,comm_use.I-N.xml.tar.gz
J_Biophys/,comm_use.I-N.xml.tar.gz
J_Clin_Biochem_Nutr/,comm_use.I-N.xml.tar.gz
J_Lipids/,comm_use.I-N.xml.tar.gz
J_Skin_Cancer/,comm_use.I-N.xml.tar.gz
ISRN_Dermatol/,comm_use.I-N.xml.tar.gz
ISRN_Endocrinol/,comm_use.I-N.xml.tar.gz
ISRN_Hematol/,comm_use.I-N.xml.tar.gz
Int_J_Proteomics/,comm_use.I-N.xml.tar.gz
ISRN_Biochem/,comm_use.I-N.xml.tar.gz
ISRN_Inflamm/,comm_use.I-N.xml.tar.gz
ISRN_Allergy/,comm_use.I-N.xml.tar.gz
ISRN_Neurol/,comm_use.I-N.xml.tar.gz
ISRN_Ophthalmol/,comm_use.I-N.xml.tar.gz
ISRN_Nephrol/,comm_use.I-N.xml.tar.gz
J_Signal_Transduct/,comm_use.I-N.xml.tar.gz
Leuk_Res_Treatment/,comm_use.I-N.xml.tar.gz
Mol_Biol_Int/,comm_use.I-N.xml.tar.gz
ISRN_Oncol/,comm_use.I-N.xml.tar.gz
ISRN_Pharmacol/,comm_use.I-N.xml.tar.gz
J_Inflamm_Res/,comm_use.I-N.xml.tar.gz
Int_J_Med_Sci/,comm_use.I-N.xml.tar.gz
J_Asthma_Allergy/,comm_use.I-N.xml.tar.gz
Mycobiology/,comm_use.I-N.xml.tar.gz
Neuro_Oncol/,comm_use.I-N.xml.tar.gz
J_Reprod_Dev/,comm_use.I-N.xml.tar.gz
Int_J_Biol_Sci/,comm_use.I-N.xml.tar.gz
J_Cancer/,comm_use.I-N.xml.tar.gz
J_Genomics/,comm_use.I-N.xml.tar.gz
Parasit_Vectors/,comm_use.O-Z.xml.tar.gz
Pharmacol_Res_Perspect/,comm_use.O-Z.xml.tar.gz
Springerplus/,comm_use.O-Z.xml.tar.gz
Virol_J/,comm_use.O-Z.xml.tar.gz
Part_Fibre_Toxicol/,comm_use.O-Z.xml.tar.gz
World_J_Surg_Oncol/,comm_use.O-Z.xml.tar.gz
Radiat_Oncol/,comm_use.O-Z.xml.tar.gz
Transl_Neurodegener/,comm_use.O-Z.xml.tar.gz
Theor_Biol_Med_Model/,comm_use.O-Z.xml.tar.gz
Stem_Cell_Res_Ther/,comm_use.O-Z.xml.tar.gz
Proteome_Sci/,comm_use.O-Z.xml.tar.gz
Respir_Res/,comm_use.O-Z.xml.tar.gz
Vasc_Cell/,comm_use.O-Z.xml.tar.gz
Reprod_Biol_Endocrinol/,comm_use.O-Z.xml.tar.gz
Plant_Methods/,comm_use.O-Z.xml.tar.gz
Retrovirology/,comm_use.O-Z.xml.tar.gz
World_Allergy_Organ_J/,comm_use.O-Z.xml.tar.gz
PeerJ/,comm_use.O-Z.xml.tar.gz
PLoS_One/,comm_use.O-Z.xml.tar.gz
Vet_Res/,comm_use.O-Z.xml.tar.gz
Viruses/,comm_use.O-Z.xml.tar.gz
Toxins_(Basel)/,comm_use.O-Z.xml.tar.gz
PLoS_Pathog/,comm_use.O-Z.xml.tar.gz
Physiol_Rep/,comm_use.O-Z.xml.tar.gz
Skelet_Muscle/,comm_use.O-Z.xml.tar.gz
Oncotarget/,comm_use.O-Z.xml.tar.gz
Sci_Rep/,comm_use.O-Z.xml.tar.gz
Thorax/,comm_use.O-Z.xml.tar.gz
Pharmaceuticals_(Basel)/,comm_use.O-Z.xml.tar.gz
Pharmaceutics/,comm_use.O-Z.xml.tar.gz
Sarcoma/,comm_use.O-Z.xml.tar.gz
Pathogenetics/,comm_use.O-Z.xml.tar.gz
Open_Rheumatol_J/,comm_use.O-Z.xml.tar.gz
Open_Virol_J/,comm_use.O-Z.xml.tar.gz
Psychiatry_Investig/,comm_use.O-Z.xml.tar.gz
Ups_J_Med_Sci/,comm_use.O-Z.xml.tar.gz
Silence/,comm_use.O-Z.xml.tar.gz
Protein_Cell/,comm_use.O-Z.xml.tar.gz
Open_Biochem_J/,comm_use.O-Z.xml.tar.gz
Open_Dent_J/,comm_use.O-Z.xml.tar.gz
Transl_Oncogenomics/,comm_use.O-Z.xml.tar.gz
Sensors_(Basel)/,comm_use.O-Z.xml.tar.gz
Transl_Psychiatry/,comm_use.O-Z.xml.tar.gz
Oncogene/,comm_use.O-Z.xml.tar.gz
Open_Biol/,comm_use.O-Z.xml.tar.gz
Pathobiol_Aging_Age_Relat_Dis/,comm_use.O-Z.xml.tar.gz
Oncol_Lett/,comm_use.O-Z.xml.tar.gz
Oncol_Rep/,comm_use.O-Z.xml.tar.gz
Oncogenesis/,comm_use.O-Z.xml.tar.gz
Perspect_Medicin_Chem/,comm_use.O-Z.xml.tar.gz
Peerj/,comm_use.O-Z.xml.tar.gz
Rambam_Maimonides_Med_J/,comm_use.O-Z.xml.tar.gz
Stem_Cell_Reports/,comm_use.O-Z.xml.tar.gz
Plant_Cell_Physiol/,comm_use.O-Z.xml.tar.gz
Redox_Biol/,comm_use.O-Z.xml.tar.gz
PLoS_Comput_Biol/,comm_use.O-Z.xml.tar.gz
PLoS_Biol/,comm_use.O-Z.xml.tar.gz
PLoS_Med/,comm_use.O-Z.xml.tar.gz
Toxicol_Sci/,comm_use.O-Z.xml.tar.gz
PLoS_Negl_Trop_Dis/,comm_use.O-Z.xml.tar.gz
Oncoimmunology/,comm_use.O-Z.xml.tar.gz
WormBook/,comm_use.O-Z.xml.tar.gz
Small_GTPases/,comm_use.O-Z.xml.tar.gz
Schizophr_Bull/,comm_use.O-Z.xml.tar.gz
Organogenesis/,comm_use.O-Z.xml.tar.gz
Pathogens/,comm_use.O-Z.xml.tar.gz
Transl_Respir_Med/,comm_use.O-Z.xml.tar.gz
Oncoscience/,comm_use.O-Z.xml.tar.gz
RNA_Biol/,comm_use.O-Z.xml.tar.gz
Onco_Targets_Ther/,comm_use.O-Z.xml.tar.gz
Plant_Signal_Behav/,comm_use.O-Z.xml.tar.gz
Purinergic_Signal/,comm_use.O-Z.xml.tar.gz
PLoS_Genet/,comm_use.O-Z.xml.tar.gz
Planta/,comm_use.O-Z.xml.tar.gz
Postgrad_Med_J/,comm_use.O-Z.xml.tar.gz
Tumour_Biol/,comm_use.O-Z.xml.tar.gz
Virulence/,comm_use.O-Z.xml.tar.gz
United_European_Gastroenterol_J/,comm_use.O-Z.xml.tar.gz
Plant_Pathol_J/,comm_use.O-Z.xml.tar.gz
Tissue_Barriers/,comm_use.O-Z.xml.tar.gz
Surg_Neurol_Int/,comm_use.O-Z.xml.tar.gz
Pharmacogn_Mag/,comm_use.O-Z.xml.tar.gz
Physiology_(Bethesda)/,comm_use.O-Z.xml.tar.gz
Theranostics/,comm_use.O-Z.xml.tar.gz
Oxid_Med_Cell_Longev/,comm_use.O-Z.xml.tar.gz
Stem_Cells_Int/,comm_use.O-Z.xml.tar.gz
PPAR_Res/,comm_use.O-Z.xml.tar.gz
ScientificWorldJournal/,comm_use.O-Z.xml.tar.gz
Scientifica_(Cairo)/,comm_use.O-Z.xml.tar.gz
Pulm_Med/,comm_use.O-Z.xml.tar.gz
Stroke_Res_Treat/,comm_use.O-Z.xml.tar.gz
Prostate_Cancer/,comm_use.O-Z.xml.tar.gz
Parkinsons_Dis/,comm_use.O-Z.xml.tar.gz
Patholog_Res_Int/,comm_use.O-Z.xml.tar.gz
Pulm_Circ/,comm_use.O-Z.xml.tar.gz
Ther_Clin_Risk_Manag/,comm_use.O-Z.xml.tar.gz
Biomed_Res_Int/,non_comm_use.A-B.xml.tar.gz
Adv_Pharmacol_Sci/,non_comm_use.A-B.xml.tar.gz
Adv_Biomed_Res/,non_comm_use.A-B.xml.tar.gz
BMC_Gastroenterol/,non_comm_use.A-B.xml.tar.gz
BMJ_Open/,non_comm_use.A-B.xml.tar.gz
Biochemistry/,non_comm_use.A-B.xml.tar.gz
Am_J_Physiol_Endocrinol_Metab/,non_comm_use.A-B.xml.tar.gz
Alzheimers_Res_Ther/,non_comm_use.A-B.xml.tar.gz
ACS_Chem_Neurosci/,non_comm_use.A-B.xml.tar.gz
Biomacromolecules/,non_comm_use.A-B.xml.tar.gz
Br_J_Cancer/,non_comm_use.A-B.xml.tar.gz
Asian-Australas_J_Anim_Sci/,non_comm_use.A-B.xml.tar.gz
Autophagy/,non_comm_use.A-B.xml.tar.gz
Biomol_Ther_(Seoul)/,non_comm_use.A-B.xml.tar.gz
Biochem_Res_Int/,non_comm_use.A-B.xml.tar.gz
Adv_Virol/,non_comm_use.A-B.xml.tar.gz
BMC_Pediatr/,non_comm_use.A-B.xml.tar.gz
BMC_Ophthalmol/,non_comm_use.A-B.xml.tar.gz
Ann_Rheum_Dis/,non_comm_use.A-B.xml.tar.gz
Arthritis_Res/,non_comm_use.A-B.xml.tar.gz
BMC_Bioinformatics/,non_comm_use.A-B.xml.tar.gz
BMC_Biol/,non_comm_use.A-B.xml.tar.gz
BMC_Cancer/,non_comm_use.A-B.xml.tar.gz
BMC_Med/,non_comm_use.A-B.xml.tar.gz
BMC_Microbiol/,non_comm_use.A-B.xml.tar.gz
BMC_Musculoskelet_Disord/,non_comm_use.A-B.xml.tar.gz
BMC_Neurosci/,non_comm_use.A-B.xml.tar.gz
BMC_Urol/,non_comm_use.A-B.xml.tar.gz
Breast_Cancer_Res/,non_comm_use.A-B.xml.tar.gz
Arthritis_Res_Ther/,non_comm_use.A-B.xml.tar.gz
BMC_Plant_Biol/,non_comm_use.A-B.xml.tar.gz
Acta_Histochem_Cytochem/,non_comm_use.A-B.xml.tar.gz
BMC_Mol_Biol/,non_comm_use.A-B.xml.tar.gz
BMC_Biochem/,non_comm_use.A-B.xml.tar.gz
BMC_Clin_Pathol/,non_comm_use.A-B.xml.tar.gz
BMC_Endocr_Disord/,non_comm_use.A-B.xml.tar.gz
BMC_Anesthesiol/,non_comm_use.A-B.xml.tar.gz
BMC_Immunol/,non_comm_use.A-B.xml.tar.gz
BMC_Evol_Biol/,non_comm_use.A-B.xml.tar.gz
BMC_Dermatol/,non_comm_use.A-B.xml.tar.gz
BMC_Struct_Biol/,non_comm_use.A-B.xml.tar.gz
BMC_Pulm_Med/,non_comm_use.A-B.xml.tar.gz
BMC_Dev_Biol/,non_comm_use.A-B.xml.tar.gz
BMC_Genet/,non_comm_use.A-B.xml.tar.gz
BMC_Physiol/,non_comm_use.A-B.xml.tar.gz
BMC_Biotechnol/,non_comm_use.A-B.xml.tar.gz
BMC_Chem_Biol/,non_comm_use.A-B.xml.tar.gz
BMC_Cell_Biol/,non_comm_use.A-B.xml.tar.gz
BMC_Complement_Altern_Med/,non_comm_use.A-B.xml.tar.gz
BMC_Genomics/,non_comm_use.A-B.xml.tar.gz
BMC_Nephrol/,non_comm_use.A-B.xml.tar.gz
BMC_Pharmacol/,non_comm_use.A-B.xml.tar.gz
Bioinformation/,non_comm_use.A-B.xml.tar.gz
Biol_Proced_Online/,non_comm_use.A-B.xml.tar.gz
Biologics/,non_comm_use.A-B.xml.tar.gz
Adv_Hematol/,non_comm_use.A-B.xml.tar.gz
Aging_Cell/,non_comm_use.A-B.xml.tar.gz
Apoptosis/,non_comm_use.A-B.xml.tar.gz
Angiogenesis/,non_comm_use.A-B.xml.tar.gz
Allergy_Asthma_Clin_Immunol/,non_comm_use.A-B.xml.tar.gz
Amino_Acids/,non_comm_use.A-B.xml.tar.gz
Breast_Cancer_(Auckl)/,non_comm_use.A-B.xml.tar.gz
Biomark_Insights/,non_comm_use.A-B.xml.tar.gz
BMC_Vet_Res/,non_comm_use.A-B.xml.tar.gz
Anemia/,non_comm_use.A-B.xml.tar.gz
Am_J_Clin_Nutr/,non_comm_use.A-B.xml.tar.gz
Bone_Marrow_Res/,non_comm_use.A-B.xml.tar.gz
BMC_Res_Notes/,non_comm_use.A-B.xml.tar.gz
BMC_Syst_Biol/,non_comm_use.A-B.xml.tar.gz
Arthritis/,non_comm_use.A-B.xml.tar.gz
Brain/,non_comm_use.A-B.xml.tar.gz
Brain_Behav/,non_comm_use.A-B.xml.tar.gz
Acta_Pharmacol_Sin/,non_comm_use.A-B.xml.tar.gz
Anat_Res_Int/,non_comm_use.A-B.xml.tar.gz
Br_J_Pharmacol/,non_comm_use.A-B.xml.tar.gz
Br_J_Clin_Pharmacol/,non_comm_use.A-B.xml.tar.gz
Autoimmune_Dis/,non_comm_use.A-B.xml.tar.gz
Acta_Naturae/,non_comm_use.A-B.xml.tar.gz
Biol_Sex_Differ/,non_comm_use.A-B.xml.tar.gz
BMC_Med_Genomics/,non_comm_use.A-B.xml.tar.gz
Blood_Cancer_J/,non_comm_use.A-B.xml.tar.gz
Aging_(Albany_NY)/,non_comm_use.A-B.xml.tar.gz
Biochem_J/,non_comm_use.A-B.xml.tar.gz
Biosci_Rep/,non_comm_use.A-B.xml.tar.gz
Biomark_Cancer/,non_comm_use.A-B.xml.tar.gz
Braz_J_Med_Biol_Res/,non_comm_use.A-B.xml.tar.gz
Alcohol_Res_Health/,non_comm_use.A-B.xml.tar.gz
Biochem_Insights/,non_comm_use.A-B.xml.tar.gz
BMC_Pharmacol_Toxicol/,non_comm_use.A-B.xml.tar.gz
Ann_Clin_Transl_Neurol/,non_comm_use.A-B.xml.tar.gz
Biol_Open/,non_comm_use.A-B.xml.tar.gz
Acta_Neuropathol_Commun/,non_comm_use.A-B.xml.tar.gz
AoB_Plants/,non_comm_use.A-B.xml.tar.gz
Autoimmunity/,non_comm_use.A-B.xml.tar.gz
Ann_Surg_Treat_Res/,non_comm_use.A-B.xml.tar.gz
Biomedicine_(Taipei)/,non_comm_use.A-B.xml.tar.gz
ASN_Neuro/,non_comm_use.A-B.xml.tar.gz
Atherosclerosis/,non_comm_use.A-B.xml.tar.gz
Allergy_Asthma_Immunol_Res/,non_comm_use.A-B.xml.tar.gz
Ann_Dermatol/,non_comm_use.A-B.xml.tar.gz
Breast_Cancer_(Dove_Med_Press)/,non_comm_use.A-B.xml.tar.gz
Am_J_Physiol_Heart_Circ_Physiol/,non_comm_use.A-B.xml.tar.gz
Am_J_Physiol_Renal_Physiol/,non_comm_use.A-B.xml.tar.gz
Biochimie/,non_comm_use.A-B.xml.tar.gz
Brief_Funct_Genomics/,non_comm_use.A-B.xml.tar.gz
Allergy/,non_comm_use.A-B.xml.tar.gz
Anat_Cell_Biol/,non_comm_use.A-B.xml.tar.gz
Bone/,non_comm_use.A-B.xml.tar.gz
Am_J_Physiol_Lung_Cell_Mol_Physiol/,non_comm_use.A-B.xml.tar.gz
Am_J_Physiol_Cell_Physiol/,non_comm_use.A-B.xml.tar.gz
Am_J_Physiol_Gastrointest_Liver_Physiol/,non_comm_use.A-B.xml.tar.gz
Antioxid_Redox_Signal/,non_comm_use.A-B.xml.tar.gz
Brain_Tumor_Res_Treat/,non_comm_use.A-B.xml.tar.gz
Bioarchitecture/,non_comm_use.A-B.xml.tar.gz
Adipocyte/,non_comm_use.A-B.xml.tar.gz
BMB_Rep/,non_comm_use.A-B.xml.tar.gz
Biomark_Res/,non_comm_use.A-B.xml.tar.gz
Biol_Direct/,non_comm_use.A-B.xml.tar.gz
Biol_Res/,non_comm_use.A-B.xml.tar.gz
AIDS_Res_Ther/,non_comm_use.A-B.xml.tar.gz
Brain_Sci/,non_comm_use.A-B.xml.tar.gz
Biomolecules/,non_comm_use.A-B.xml.tar.gz
Alcohol_Res/,non_comm_use.A-B.xml.tar.gz
Biology_(Basel)/,non_comm_use.A-B.xml.tar.gz
Gastroenterol_Res_Pract/,non_comm_use.C-H.xml.tar.gz
Dis_Markers/,non_comm_use.C-H.xml.tar.gz
Evid_Based_Complement_Alternat_Med/,non_comm_use.C-H.xml.tar.gz
Cardiovasc_Psychiatry_Neurol/,non_comm_use.C-H.xml.tar.gz
Environ_Health_Perspect/,non_comm_use.C-H.xml.tar.gz
Cell/,non_comm_use.C-H.xml.tar.gz
Hum_Mol_Genet/,non_comm_use.C-H.xml.tar.gz
Cell_Cycle/,non_comm_use.C-H.xml.tar.gz
Drug_Des_Devel_Ther/,non_comm_use.C-H.xml.tar.gz
Development/,non_comm_use.C-H.xml.tar.gz
Crit_Care/,non_comm_use.C-H.xml.tar.gz
Gut/,non_comm_use.C-H.xml.tar.gz
Clin_Dev_Immunol/,non_comm_use.C-H.xml.tar.gz
Diabetes/,non_comm_use.C-H.xml.tar.gz
Clin_Exp_Gastroenterol/,non_comm_use.C-H.xml.tar.gz
Eur_Heart_J/,non_comm_use.C-H.xml.tar.gz
Curr_Cardiol_Rev/,non_comm_use.C-H.xml.tar.gz
Curr_Genomics/,non_comm_use.C-H.xml.tar.gz
Cell_Death_Differ/,non_comm_use.C-H.xml.tar.gz
Epigenetics/,non_comm_use.C-H.xml.tar.gz
Glob_Cardiol_Sci_Pract/,non_comm_use.C-H.xml.tar.gz
Diabetes_Metab_Syndr_Obes/,non_comm_use.C-H.xml.tar.gz
Clin_Interv_Aging/,non_comm_use.C-H.xml.tar.gz
Chin_J_Cancer/,non_comm_use.C-H.xml.tar.gz
Genome_Biol/,non_comm_use.C-H.xml.tar.gz
Cardiovasc_Diabetol/,non_comm_use.C-H.xml.tar.gz
Comp_Hepatol/,non_comm_use.C-H.xml.tar.gz
Cell_Chromosome/,non_comm_use.C-H.xml.tar.gz
Cell_Commun_Signal/,non_comm_use.C-H.xml.tar.gz
Cancer_Cell_Int/,non_comm_use.C-H.xml.tar.gz
Exp_Diabetes_Res/,non_comm_use.C-H.xml.tar.gz
Chem_Cent_J/,non_comm_use.C-H.xml.tar.gz
Comp_Funct_Genomics/,non_comm_use.C-H.xml.tar.gz
Front_Cell_Neurosci/,non_comm_use.C-H.xml.tar.gz
Front_Mol_Neurosci/,non_comm_use.C-H.xml.tar.gz
Front_Neural_Circuits/,non_comm_use.C-H.xml.tar.gz
Front_Behav_Neurosci/,non_comm_use.C-H.xml.tar.gz
Front_Integr_Neurosci/,non_comm_use.C-H.xml.tar.gz
Front_Syst_Neurosci/,non_comm_use.C-H.xml.tar.gz
Front_Neurosci/,non_comm_use.C-H.xml.tar.gz
Genes_Nutr/,non_comm_use.C-H.xml.tar.gz
Diabetologia/,non_comm_use.C-H.xml.tar.gz
DNA_Res/,non_comm_use.C-H.xml.tar.gz
Front_Neuroanat/,non_comm_use.C-H.xml.tar.gz
Diabetes_Care/,non_comm_use.C-H.xml.tar.gz
Chromosoma/,non_comm_use.C-H.xml.tar.gz
Cancer_Microenviron/,non_comm_use.C-H.xml.tar.gz
Genome_Med/,non_comm_use.C-H.xml.tar.gz
Gut_Liver/,non_comm_use.C-H.xml.tar.gz
Dermatol_Res_Pract/,non_comm_use.C-H.xml.tar.gz
Front_Neuroenergetics/,non_comm_use.C-H.xml.tar.gz
Front_Aging_Neurosci/,non_comm_use.C-H.xml.tar.gz
Front_Comput_Neurosci/,non_comm_use.C-H.xml.tar.gz
Crit_Care_Res_Pract/,non_comm_use.C-H.xml.tar.gz
Front_Neurol/,non_comm_use.C-H.xml.tar.gz
Environ_Health/,non_comm_use.C-H.xml.tar.gz
Cancer_Manag_Res/,non_comm_use.C-H.xml.tar.gz
Enzyme_Res/,non_comm_use.C-H.xml.tar.gz
Clin_Med_Oncol/,non_comm_use.C-H.xml.tar.gz
Gene_Regul_Syst_Bio/,non_comm_use.C-H.xml.tar.gz
Clin_Med_Insights_Oncol/,non_comm_use.C-H.xml.tar.gz
Front_Synaptic_Neurosci/,non_comm_use.C-H.xml.tar.gz
Front_Physiol/,non_comm_use.C-H.xml.tar.gz
Front_Psychiatry/,non_comm_use.C-H.xml.tar.gz
Dermatoendocrinol/,non_comm_use.C-H.xml.tar.gz
Front_Psychol/,non_comm_use.C-H.xml.tar.gz
Front_Microbiol/,non_comm_use.C-H.xml.tar.gz
Front_Pharmacol/,non_comm_use.C-H.xml.tar.gz
Carcinogenesis/,non_comm_use.C-H.xml.tar.gz
Drug_Target_Insights/,non_comm_use.C-H.xml.tar.gz
Gastric_Cancer/,non_comm_use.C-H.xml.tar.gz
Genetics/,non_comm_use.C-H.xml.tar.gz
Curr_Gerontol_Geriatr_Res/,non_comm_use.C-H.xml.tar.gz
Heart_Int/,non_comm_use.C-H.xml.tar.gz
Cholesterol/,non_comm_use.C-H.xml.tar.gz
Diagn_Pathol/,non_comm_use.C-H.xml.tar.gz
Hematol_Rev/,non_comm_use.C-H.xml.tar.gz
Front_Genet/,non_comm_use.C-H.xml.tar.gz
Chemother_Res_Pract/,non_comm_use.C-H.xml.tar.gz
Clin_Transl_Gastroenterol/,non_comm_use.C-H.xml.tar.gz
Hepat_Med/,non_comm_use.C-H.xml.tar.gz
FEBS_Open_Bio/,non_comm_use.C-H.xml.tar.gz
Genet_Res_Int/,non_comm_use.C-H.xml.tar.gz
Front_Immunol/,non_comm_use.C-H.xml.tar.gz
Eur_J_Med_Res/,non_comm_use.C-H.xml.tar.gz
Front_Plant_Sci/,non_comm_use.C-H.xml.tar.gz
Front_Oncol/,non_comm_use.C-H.xml.tar.gz
Cell_Death_Dis/,non_comm_use.C-H.xml.tar.gz
Front_Endocrinol_(Lausanne)/,non_comm_use.C-H.xml.tar.gz
Clin_Epigenetics/,non_comm_use.C-H.xml.tar.gz
Front_Cell_Infect_Microbiol/,non_comm_use.C-H.xml.tar.gz
EMBO_Mol_Med/,non_comm_use.C-H.xml.tar.gz
Endocrine/,non_comm_use.C-H.xml.tar.gz
Cell_Res/,non_comm_use.C-H.xml.tar.gz
Exp_Hematol_Oncol/,non_comm_use.C-H.xml.tar.gz
Exp_Ther_Med/,non_comm_use.C-H.xml.tar.gz
Cell_Mol_Bioeng/,non_comm_use.C-H.xml.tar.gz
Epigenetics_Chromatin/,non_comm_use.C-H.xml.tar.gz
Glob_Adv_Health_Med/,non_comm_use.C-H.xml.tar.gz
Diabetol_Metab_Syndr/,non_comm_use.C-H.xml.tar.gz
Database_(Oxford)/,non_comm_use.C-H.xml.tar.gz
Cancer_Med/,non_comm_use.C-H.xml.tar.gz
Cancer_Growth_Metastasis/,non_comm_use.C-H.xml.tar.gz
Colomb_Med_(Cali)/,non_comm_use.C-H.xml.tar.gz
Glia/,non_comm_use.C-H.xml.tar.gz
G3_(Bethesda)/,non_comm_use.C-H.xml.tar.gz
Comput_Struct_Biotechnol_J/,non_comm_use.C-H.xml.tar.gz
Cancer_Metab/,non_comm_use.C-H.xml.tar.gz
Hippocampus/,non_comm_use.C-H.xml.tar.gz
Drugs_R_D/,non_comm_use.C-H.xml.tar.gz
Emerg_Microbes_Infect/,non_comm_use.C-H.xml.tar.gz
Cell_Stem_Cell/,non_comm_use.C-H.xml.tar.gz
Cancer_Res_Treat/,non_comm_use.C-H.xml.tar.gz
F1000Prime_Rep/,non_comm_use.C-H.xml.tar.gz
Dev_Reprod/,non_comm_use.C-H.xml.tar.gz
EBioMedicine/,non_comm_use.C-H.xml.tar.gz
EMBO_J/,non_comm_use.C-H.xml.tar.gz
EMBO_Rep/,non_comm_use.C-H.xml.tar.gz
Genomics_Inform/,non_comm_use.C-H.xml.tar.gz
Commun_Integr_Biol/,non_comm_use.C-H.xml.tar.gz
Channels_(Austin)/,non_comm_use.C-H.xml.tar.gz
Cell_Logist/,non_comm_use.C-H.xml.tar.gz
Glycobiology/,non_comm_use.C-H.xml.tar.gz
Cardiovasc_Res/,non_comm_use.C-H.xml.tar.gz
Exp_Neurobiol/,non_comm_use.C-H.xml.tar.gz
Exp_Mol_Med/,non_comm_use.C-H.xml.tar.gz
Clin_Psychopharmacol_Neurosci/,non_comm_use.C-H.xml.tar.gz
Cancer_Biol_Ther/,non_comm_use.C-H.xml.tar.gz
Epigenomics/,non_comm_use.C-H.xml.tar.gz
Gut_Microbes/,non_comm_use.C-H.xml.tar.gz
Cell_Mol_Immunol/,non_comm_use.C-H.xml.tar.gz
Endocr_Connect/,non_comm_use.C-H.xml.tar.gz
Endocrinol_Metab_(Seoul)/,non_comm_use.C-H.xml.tar.gz
CNS_Neurosci_Ther/,non_comm_use.C-H.xml.tar.gz
Endocrinology/,non_comm_use.C-H.xml.tar.gz
FASEB_J/,non_comm_use.C-H.xml.tar.gz
Dis_Model_Mech/,non_comm_use.C-H.xml.tar.gz
Diabetes_Metab_J/,non_comm_use.C-H.xml.tar.gz
Cereb_Cortex/,non_comm_use.C-H.xml.tar.gz
Hum_Reprod/,non_comm_use.C-H.xml.tar.gz
Dialogues_Clin_Neurosci/,non_comm_use.C-H.xml.tar.gz
Clin_Exp_Reprod_Med/,non_comm_use.C-H.xml.tar.gz
Cell_Adh_Migr/,non_comm_use.C-H.xml.tar.gz
Cancer_Cell/,non_comm_use.C-H.xml.tar.gz
Genes_Dis/,non_comm_use.C-H.xml.tar.gz
Contemp_Oncol_(Pozn)/,non_comm_use.C-H.xml.tar.gz
Curr_Neuropharmacol/,non_comm_use.C-H.xml.tar.gz
Chonnam_Med_J/,non_comm_use.C-H.xml.tar.gz
Hum_Reprod_Update/,non_comm_use.C-H.xml.tar.gz
Clin_Exp_Otorhinolaryngol/,non_comm_use.C-H.xml.tar.gz
F1000Res/,non_comm_use.C-H.xml.tar.gz
eLife/,non_comm_use.C-H.xml.tar.gz
Genes_Cancer/,non_comm_use.C-H.xml.tar.gz
Gut_Pathog/,non_comm_use.C-H.xml.tar.gz
Genome_Integr/,non_comm_use.C-H.xml.tar.gz
Cancer_Biol_Med/,non_comm_use.C-H.xml.tar.gz
Chin_Med/,non_comm_use.C-H.xml.tar.gz
Cell_Div/,non_comm_use.C-H.xml.tar.gz
Front_Cell_Dev_Biol/,non_comm_use.C-H.xml.tar.gz
Front_Pediatr/,non_comm_use.C-H.xml.tar.gz
Cell_J/,non_comm_use.C-H.xml.tar.gz
Front_Mol_Biosci/,non_comm_use.C-H.xml.tar.gz
Front_Chem/,non_comm_use.C-H.xml.tar.gz
Genes_(Basel)/,non_comm_use.C-H.xml.tar.gz
Cell_Biosci/,non_comm_use.C-H.xml.tar.gz
Cilia/,non_comm_use.C-H.xml.tar.gz
Cancers_(Basel)/,non_comm_use.C-H.xml.tar.gz
Cells/,non_comm_use.C-H.xml.tar.gz
Nat_Commun/,non_comm_use.I-N.xml.tar.gz
J_Diabetes_Res/,non_comm_use.I-N.xml.tar.gz
J_Immunol_Res/,non_comm_use.I-N.xml.tar.gz
Mediators_Inflamm/,non_comm_use.I-N.xml.tar.gz
Neural_Plast/,non_comm_use.I-N.xml.tar.gz
J_Thyroid_Res/,non_comm_use.I-N.xml.tar.gz
Int_J_Hepatol/,non_comm_use.I-N.xml.tar.gz
Int_J_Endocrinol/,non_comm_use.I-N.xml.tar.gz
J_Transplant/,non_comm_use.I-N.xml.tar.gz
J_Ophthalmol/,non_comm_use.I-N.xml.tar.gz
Mol_Syst_Biol/,non_comm_use.I-N.xml.tar.gz
Mol_Med_Rep/,non_comm_use.I-N.xml.tar.gz
Korean_J_Intern_Med/,non_comm_use.I-N.xml.tar.gz
Nucleic_Acids_Res/,non_comm_use.I-N.xml.tar.gz
Indian_J_Med_Res/,non_comm_use.I-N.xml.tar.gz
Mol_Metab/,non_comm_use.I-N.xml.tar.gz
Mol_Ther/,non_comm_use.I-N.xml.tar.gz
Mol_Ther_Methods_Clin_Dev/,non_comm_use.I-N.xml.tar.gz
ISRN_Dermatol/,non_comm_use.I-N.xml.tar.gz
ISRN_Pharmacol/,non_comm_use.I-N.xml.tar.gz
ISRN_Oncol/,non_comm_use.I-N.xml.tar.gz
J_Trop_Med/,non_comm_use.I-N.xml.tar.gz
ISRN_Endocrinol/,non_comm_use.I-N.xml.tar.gz
Int_J_Pept/,non_comm_use.I-N.xml.tar.gz
J_Skin_Cancer/,non_comm_use.I-N.xml.tar.gz
Int_J_Nephrol/,non_comm_use.I-N.xml.tar.gz
J_Asthma_Allergy/,non_comm_use.I-N.xml.tar.gz
Neuropsychiatr_Dis_Treat/,non_comm_use.I-N.xml.tar.gz
Int_J_Nanomedicine/,non_comm_use.I-N.xml.tar.gz
J_Oncol/,non_comm_use.I-N.xml.tar.gz
Int_J_Cell_Biol/,non_comm_use.I-N.xml.tar.gz
Int_J_Hypertens/,non_comm_use.I-N.xml.tar.gz
J_Obes/,non_comm_use.I-N.xml.tar.gz
Int_J_Biol_Sci/,non_comm_use.I-N.xml.tar.gz
J_Med_Genet/,non_comm_use.I-N.xml.tar.gz
J_Biophys/,non_comm_use.I-N.xml.tar.gz
J_Aging_Res/,non_comm_use.I-N.xml.tar.gz
J_Amino_Acids/,non_comm_use.I-N.xml.tar.gz
Mol_Biol_Cell/,non_comm_use.I-N.xml.tar.gz
J_Cell_Mol_Med/,non_comm_use.I-N.xml.tar.gz
Nephrol_Dial_Transplant/,non_comm_use.I-N.xml.tar.gz
Med_Sci_Monit/,non_comm_use.I-N.xml.tar.gz
Int_J_Chron_Obstruct_Pulmon_Dis/,non_comm_use.I-N.xml.tar.gz
J_Extracell_Vesicles/,non_comm_use.I-N.xml.tar.gz
J_Oral_Microbiol/,non_comm_use.I-N.xml.tar.gz
J_Exp_Med/,non_comm_use.I-N.xml.tar.gz
J_Virol/,non_comm_use.I-N.xml.tar.gz
Iran_J_Basic_Med_Sci/,non_comm_use.I-N.xml.tar.gz
J_Diabetes_Investig/,non_comm_use.I-N.xml.tar.gz
Int_J_Breast_Cancer/,non_comm_use.I-N.xml.tar.gz
Nature/,non_comm_use.I-N.xml.tar.gz
J_Gen_Physiol/,non_comm_use.I-N.xml.tar.gz
Med_Sci_Monit_Basic_Res/,non_comm_use.I-N.xml.tar.gz
Mol_Vis/,non_comm_use.I-N.xml.tar.gz
J_Res_Med_Sci/,non_comm_use.I-N.xml.tar.gz
J_Nutr_Metab/,non_comm_use.I-N.xml.tar.gz
J_Nucleic_Acids/,non_comm_use.I-N.xml.tar.gz
J_Cancer/,non_comm_use.I-N.xml.tar.gz
Neural_Regen_Res/,non_comm_use.I-N.xml.tar.gz
Int_J_Genomics/,non_comm_use.I-N.xml.tar.gz
J_Cell_Biol/,non_comm_use.I-N.xml.tar.gz
Int_J_Alzheimers_Dis/,non_comm_use.I-N.xml.tar.gz
J_Ophthalmic_Vis_Res/,non_comm_use.I-N.xml.tar.gz
Microb_Cell_Fact/,non_comm_use.I-N.xml.tar.gz
J_Insect_Sci/,non_comm_use.I-N.xml.tar.gz
J_Biol/,non_comm_use.I-N.xml.tar.gz
Int_J_Med_Sci/,non_comm_use.I-N.xml.tar.gz
J_Biomed_Biotechnol/,non_comm_use.I-N.xml.tar.gz
Nucl_Recept_Signal/,non_comm_use.I-N.xml.tar.gz
Mol_Cancer/,non_comm_use.I-N.xml.tar.gz
Malar_J/,non_comm_use.I-N.xml.tar.gz
J_Negat_Results_Biomed/,non_comm_use.I-N.xml.tar.gz
Nucl_Recept/,non_comm_use.I-N.xml.tar.gz
J_Nanobiotechnology/,non_comm_use.I-N.xml.tar.gz
J_Neuroinflammation/,non_comm_use.I-N.xml.tar.gz
J_Carcinog/,non_comm_use.I-N.xml.tar.gz
Lipids_Health_Dis/,non_comm_use.I-N.xml.tar.gz
J_Transl_Med/,non_comm_use.I-N.xml.tar.gz
J_Int_Soc_Sports_Nutr/,non_comm_use.I-N.xml.tar.gz
J_Clin_Biochem_Nutr/,non_comm_use.I-N.xml.tar.gz
Mar_Drugs/,non_comm_use.I-N.xml.tar.gz
J_Cell_Commun_Signal/,non_comm_use.I-N.xml.tar.gz
J_Ocul_Biol_Dis_Infor/,non_comm_use.I-N.xml.tar.gz
J_Biomed_Sci/,non_comm_use.I-N.xml.tar.gz
Lipids/,non_comm_use.I-N.xml.tar.gz
Infect_Agent_Cancer/,non_comm_use.I-N.xml.tar.gz
Int_J_Vasc_Med/,non_comm_use.I-N.xml.tar.gz
Nutr_J/,non_comm_use.I-N.xml.tar.gz
J_Parasitol_Res/,non_comm_use.I-N.xml.tar.gz
J_Toxicol/,non_comm_use.I-N.xml.tar.gz
J_Allergy_(Cairo)/,non_comm_use.I-N.xml.tar.gz
Int_J_Mol_Sci/,non_comm_use.I-N.xml.tar.gz
Int_J_Inflam/,non_comm_use.I-N.xml.tar.gz
J_Drug_Deliv/,non_comm_use.I-N.xml.tar.gz
J_Signal_Transduct/,non_comm_use.I-N.xml.tar.gz
Int_J_Nephrol_Renovasc_Dis/,non_comm_use.I-N.xml.tar.gz
Int_Immunol/,non_comm_use.I-N.xml.tar.gz
Microbiology/,non_comm_use.I-N.xml.tar.gz
J_Gen_Virol/,non_comm_use.I-N.xml.tar.gz
J_Clin_Neurol/,non_comm_use.I-N.xml.tar.gz
ISRN_Hematol/,non_comm_use.I-N.xml.tar.gz
Mol_Biol_Int/,non_comm_use.I-N.xml.tar.gz
Int_J_Proteomics/,non_comm_use.I-N.xml.tar.gz
J_Inflamm_Res/,non_comm_use.I-N.xml.tar.gz
ISRN_Neurol/,non_comm_use.I-N.xml.tar.gz
Mol_Plant/,non_comm_use.I-N.xml.tar.gz
J_Tradit_Complement_Med/,non_comm_use.I-N.xml.tar.gz
J_Clin_Endocrinol_Metab/,non_comm_use.I-N.xml.tar.gz
J_Cachexia_Sarcopenia_Muscle/,non_comm_use.I-N.xml.tar.gz
mBio/,non_comm_use.I-N.xml.tar.gz
J_Vet_Sci/,non_comm_use.I-N.xml.tar.gz
J_Lipids/,non_comm_use.I-N.xml.tar.gz
Leukemia/,non_comm_use.I-N.xml.tar.gz
Neurosignals/,non_comm_use.I-N.xml.tar.gz
Immunology/,non_comm_use.I-N.xml.tar.gz
J_Physiol/,non_comm_use.I-N.xml.tar.gz
J_Exp_Clin_Cancer_Res/,non_comm_use.I-N.xml.tar.gz
Leuk_Res_Treatment/,non_comm_use.I-N.xml.tar.gz
J_Exp_Bot/,non_comm_use.I-N.xml.tar.gz
Mol_Ther_Nucleic_Acids/,non_comm_use.I-N.xml.tar.gz
Nutr_Diabetes/,non_comm_use.I-N.xml.tar.gz
Mol_Pain/,non_comm_use.I-N.xml.tar.gz
J_Occup_Med_Toxicol/,non_comm_use.I-N.xml.tar.gz
J_Hematol_Oncol/,non_comm_use.I-N.xml.tar.gz
Mol_Autism/,non_comm_use.I-N.xml.tar.gz
MAbs/,non_comm_use.I-N.xml.tar.gz
J_Natl_Cancer_Inst/,non_comm_use.I-N.xml.tar.gz
J_Biomed_Res/,non_comm_use.I-N.xml.tar.gz
ISRN_Allergy/,non_comm_use.I-N.xml.tar.gz
Nephron_Exp_Nephrol/,non_comm_use.I-N.xml.tar.gz
J_Korean_Med_Sci/,non_comm_use.I-N.xml.tar.gz
ISRN_Inflamm/,non_comm_use.I-N.xml.tar.gz
Iran_J_Pharm_Res/,non_comm_use.I-N.xml.tar.gz
J_Intensive_Care/,non_comm_use.I-N.xml.tar.gz
Infect_Dis_Rep/,non_comm_use.I-N.xml.tar.gz
J_Circadian_Rhythms/,non_comm_use.I-N.xml.tar.gz
J_Am_Heart_Assoc/,non_comm_use.I-N.xml.tar.gz
ISRN_Ophthalmol/,non_comm_use.I-N.xml.tar.gz
Microbiologyopen/,non_comm_use.I-N.xml.tar.gz
Korean_J_Anesthesiol/,non_comm_use.I-N.xml.tar.gz
ISRN_Nephrol/,non_comm_use.I-N.xml.tar.gz
J_Prev_Med_Public_Health/,non_comm_use.I-N.xml.tar.gz
Mol_Brain/,non_comm_use.I-N.xml.tar.gz
J_Radiat_Res/,non_comm_use.I-N.xml.tar.gz
Inflamm_Bowel_Dis/,non_comm_use.I-N.xml.tar.gz
J_Ginseng_Res/,non_comm_use.I-N.xml.tar.gz
J_Neurogastroenterol_Motil/,non_comm_use.I-N.xml.tar.gz
Int_J_Hematol_Oncol_Stem_Cell_Res/,non_comm_use.I-N.xml.tar.gz
J_Bone_Miner_Res/,non_comm_use.I-N.xml.tar.gz
J_Genomics/,non_comm_use.I-N.xml.tar.gz
ISRN_Biochem/,non_comm_use.I-N.xml.tar.gz
J_Inflamm_(Lond)/,non_comm_use.I-N.xml.tar.gz
J_Anim_Sci_Biotechnol/,non_comm_use.I-N.xml.tar.gz
J_Gastric_Cancer/,non_comm_use.I-N.xml.tar.gz
Mycobiology/,non_comm_use.I-N.xml.tar.gz
J_Leukoc_Biol/,non_comm_use.I-N.xml.tar.gz
J_Stem_Cells_Regen_Med/,non_comm_use.I-N.xml.tar.gz
Int_J_Oncol/,non_comm_use.I-N.xml.tar.gz
Neuropsychopharmacology/,non_comm_use.I-N.xml.tar.gz
Neuroscience/,non_comm_use.I-N.xml.tar.gz
Neuron/,non_comm_use.I-N.xml.tar.gz
Immunity/,non_comm_use.I-N.xml.tar.gz
Int_J_Mol_Med/,non_comm_use.I-N.xml.tar.gz
J_Exerc_Nutrition_Biochem/,non_comm_use.I-N.xml.tar.gz
J_Periodontal_Implant_Sci/,non_comm_use.I-N.xml.tar.gz
J_Biol_Chem/,non_comm_use.I-N.xml.tar.gz
J_Bone_Metab/,non_comm_use.I-N.xml.tar.gz
Indian_J_Endocrinol_Metab/,non_comm_use.I-N.xml.tar.gz
J_Bacteriol/,non_comm_use.I-N.xml.tar.gz
Indian_J_Pharmacol/,non_comm_use.I-N.xml.tar.gz
Nucleus/,non_comm_use.I-N.xml.tar.gz
Islets/,non_comm_use.I-N.xml.tar.gz
Mol_Cell_Proteomics/,non_comm_use.I-N.xml.tar.gz
Immune_Netw/,non_comm_use.I-N.xml.tar.gz
J_Reprod_Dev/,non_comm_use.I-N.xml.tar.gz
J_Cancer_Prev/,non_comm_use.I-N.xml.tar.gz
J_Cell_Sci/,non_comm_use.I-N.xml.tar.gz
J_Lipid_Res/,non_comm_use.I-N.xml.tar.gz
Mol_Cells/,non_comm_use.I-N.xml.tar.gz
Mol_Hum_Reprod/,non_comm_use.I-N.xml.tar.gz
Nutr_Res_Pract/,non_comm_use.I-N.xml.tar.gz
J_Mol_Cell_Biol/,non_comm_use.I-N.xml.tar.gz
Mol_Endocrinol/,non_comm_use.I-N.xml.tar.gz
Neuro_Oncol/,non_comm_use.I-N.xml.tar.gz
J_Histochem_Cytochem/,non_comm_use.I-N.xml.tar.gz
J_Pharmacopuncture/,non_comm_use.I-N.xml.tar.gz
IUBMB_Life/,non_comm_use.I-N.xml.tar.gz
J_Menopausal_Med/,non_comm_use.I-N.xml.tar.gz
JAKSTAT/,non_comm_use.I-N.xml.tar.gz
J_Nutr_Sci/,non_comm_use.I-N.xml.tar.gz
Korean_J_Physiol_Pharmacol/,non_comm_use.I-N.xml.tar.gz
Immun_Inflamm_Dis/,non_comm_use.I-N.xml.tar.gz
Korean_J_Hematol/,non_comm_use.I-N.xml.tar.gz
Mol_Cell_Biol/,non_comm_use.I-N.xml.tar.gz
J_Cardiovasc_Dis_Res/,non_comm_use.I-N.xml.tar.gz
Korean_Diabetes_J/,non_comm_use.I-N.xml.tar.gz
Iran_J_Neurol/,non_comm_use.I-N.xml.tar.gz
Mol_Neurodegener/,non_comm_use.I-N.xml.tar.gz
Nutr_Metab_(Lond)/,non_comm_use.I-N.xml.tar.gz
J_Ovarian_Res/,non_comm_use.I-N.xml.tar.gz
Neural_Dev/,non_comm_use.I-N.xml.tar.gz
Molecules/,non_comm_use.I-N.xml.tar.gz
Nutrients/,non_comm_use.I-N.xml.tar.gz
Med_Hypothesis_Discov_Innov_Ophthalmol/,non_comm_use.I-N.xml.tar.gz
Med_Gas_Res/,non_comm_use.I-N.xml.tar.gz
Mediterr_J_Hematol_Infect_Dis/,non_comm_use.I-N.xml.tar.gz
Int_J_Biomed_Sci/,non_comm_use.I-N.xml.tar.gz
J_Mol_Signal/,non_comm_use.I-N.xml.tar.gz
Metabolites/,non_comm_use.I-N.xml.tar.gz
Membranes_(Basel)/,non_comm_use.I-N.xml.tar.gz
Pharmacol_Res_Perspect/,non_comm_use.O-Z.xml.tar.gz
Scientifica_(Cairo)/,non_comm_use.O-Z.xml.tar.gz
Parkinsons_Dis/,non_comm_use.O-Z.xml.tar.gz
Sarcoma/,non_comm_use.O-Z.xml.tar.gz
PPAR_Res/,non_comm_use.O-Z.xml.tar.gz
Stem_Cells_Int/,non_comm_use.O-Z.xml.tar.gz
Oxid_Med_Cell_Longev/,non_comm_use.O-Z.xml.tar.gz
ScientificWorldJournal/,non_comm_use.O-Z.xml.tar.gz
Plant_Cell_Physiol/,non_comm_use.O-Z.xml.tar.gz
Radiat_Oncol/,non_comm_use.O-Z.xml.tar.gz
PLoS_One/,non_comm_use.O-Z.xml.tar.gz
PLoS_Biol/,non_comm_use.O-Z.xml.tar.gz
Prostate_Cancer/,non_comm_use.O-Z.xml.tar.gz
PLoS_Negl_Trop_Dis/,non_comm_use.O-Z.xml.tar.gz
PLoS_Genet/,non_comm_use.O-Z.xml.tar.gz
PLoS_Pathog/,non_comm_use.O-Z.xml.tar.gz
PLoS_Comput_Biol/,non_comm_use.O-Z.xml.tar.gz
Stroke_Res_Treat/,non_comm_use.O-Z.xml.tar.gz
Surg_Neurol_Int/,non_comm_use.O-Z.xml.tar.gz
Oncoimmunology/,non_comm_use.O-Z.xml.tar.gz
Psychiatry_Investig/,non_comm_use.O-Z.xml.tar.gz
Pathobiol_Aging_Age_Relat_Dis/,non_comm_use.O-Z.xml.tar.gz
Tumour_Biol/,non_comm_use.O-Z.xml.tar.gz
Tremor_Other_Hyperkinet_Mov_(N_Y)/,non_comm_use.O-Z.xml.tar.gz
Onco_Targets_Ther/,non_comm_use.O-Z.xml.tar.gz
Physiol_Rep/,non_comm_use.O-Z.xml.tar.gz
Vasc_Health_Risk_Manag/,non_comm_use.O-Z.xml.tar.gz
Theranostics/,non_comm_use.O-Z.xml.tar.gz
Ther_Clin_Risk_Manag/,non_comm_use.O-Z.xml.tar.gz
Pulm_Med/,non_comm_use.O-Z.xml.tar.gz
Oncogene/,non_comm_use.O-Z.xml.tar.gz
Springerplus/,non_comm_use.O-Z.xml.tar.gz
Patholog_Res_Int/,non_comm_use.O-Z.xml.tar.gz
Thorax/,non_comm_use.O-Z.xml.tar.gz
PLoS_Med/,non_comm_use.O-Z.xml.tar.gz
PLoS_ONE/,non_comm_use.O-Z.xml.tar.gz
Retrovirology/,non_comm_use.O-Z.xml.tar.gz
Reprod_Biol_Endocrinol/,non_comm_use.O-Z.xml.tar.gz
Proteome_Sci/,non_comm_use.O-Z.xml.tar.gz
World_J_Surg_Oncol/,non_comm_use.O-Z.xml.tar.gz
Respir_Res/,non_comm_use.O-Z.xml.tar.gz
Purinergic_Signal/,non_comm_use.O-Z.xml.tar.gz
Planta/,non_comm_use.O-Z.xml.tar.gz
Proc_Jpn_Acad_Ser_B_Phys_Biol_Sci/,non_comm_use.O-Z.xml.tar.gz
Vet_Res/,non_comm_use.O-Z.xml.tar.gz
Toxicol_Sci/,non_comm_use.O-Z.xml.tar.gz
Stem_Cell_Res_Ther/,non_comm_use.O-Z.xml.tar.gz
Virol_J/,non_comm_use.O-Z.xml.tar.gz
Transl_Psychiatry/,non_comm_use.O-Z.xml.tar.gz
Theor_Biol_Med_Model/,non_comm_use.O-Z.xml.tar.gz
World_Allergy_Organ_J/,non_comm_use.O-Z.xml.tar.gz
Open_Dent_J/,non_comm_use.O-Z.xml.tar.gz
Oncol_Lett/,non_comm_use.O-Z.xml.tar.gz
Parasit_Vectors/,non_comm_use.O-Z.xml.tar.gz
Transl_Oncogenomics/,non_comm_use.O-Z.xml.tar.gz
Perspect_Medicin_Chem/,non_comm_use.O-Z.xml.tar.gz
Schizophr_Bull/,non_comm_use.O-Z.xml.tar.gz
Open_Virol_J/,non_comm_use.O-Z.xml.tar.gz
Sensors_(Basel)/,non_comm_use.O-Z.xml.tar.gz
Rambam_Maimonides_Med_J/,non_comm_use.O-Z.xml.tar.gz
Redox_Biol/,non_comm_use.O-Z.xml.tar.gz
Toxicol_Res/,non_comm_use.O-Z.xml.tar.gz
Stem_Cell_Reports/,non_comm_use.O-Z.xml.tar.gz
Oncogenesis/,non_comm_use.O-Z.xml.tar.gz
PeerJ/,non_comm_use.O-Z.xml.tar.gz
Pharmaceuticals_(Basel)/,non_comm_use.O-Z.xml.tar.gz
Viruses/,non_comm_use.O-Z.xml.tar.gz
Plant_Pathol_J/,non_comm_use.O-Z.xml.tar.gz
Protein_Cell/,non_comm_use.O-Z.xml.tar.gz
Oncol_Rev/,non_comm_use.O-Z.xml.tar.gz
Part_Fibre_Toxicol/,non_comm_use.O-Z.xml.tar.gz
Tuberc_Respir_Dis_(Seoul)/,non_comm_use.O-Z.xml.tar.gz
Postgrad_Med_J/,non_comm_use.O-Z.xml.tar.gz
Oncol_Rep/,non_comm_use.O-Z.xml.tar.gz
Sci_Rep/,non_comm_use.O-Z.xml.tar.gz
Ups_J_Med_Sci/,non_comm_use.O-Z.xml.tar.gz
Yonsei_Med_J/,non_comm_use.O-Z.xml.tar.gz
United_European_Gastroenterol_J/,non_comm_use.O-Z.xml.tar.gz
Virulence/,non_comm_use.O-Z.xml.tar.gz
Open_Rheumatol_J/,non_comm_use.O-Z.xml.tar.gz
Plant_Signal_Behav/,non_comm_use.O-Z.xml.tar.gz
Organogenesis/,non_comm_use.O-Z.xml.tar.gz
Pharmacogn_Mag/,non_comm_use.O-Z.xml.tar.gz
Tissue_Barriers/,non_comm_use.O-Z.xml.tar.gz
Stud_Mycol/,non_comm_use.O-Z.xml.tar.gz
Shanghai_Arch_Psychiatry/,non_comm_use.O-Z.xml.tar.gz
Open_Biochem_J/,non_comm_use.O-Z.xml.tar.gz
RNA_Biol/,non_comm_use.O-Z.xml.tar.gz
Postepy_Dermatol_Alergol/,non_comm_use.O-Z.xml.tar.gz
Small_GTPases/,non_comm_use.O-Z.xml.tar.gz
Pulm_Circ/,non_comm_use.O-Z.xml.tar.gz
Transl_Neurodegener/,non_comm_use.O-Z.xml.tar.gz
WormBook/,non_comm_use.O-Z.xml.tar.gz
Oncotarget/,non_comm_use.O-Z.xml.tar.gz
Open_Biol/,non_comm_use.O-Z.xml.tar.gz
Vasc_Cell/,non_comm_use.O-Z.xml.tar.gz
Skelet_Muscle/,non_comm_use.O-Z.xml.tar.gz
Plant_Methods/,non_comm_use.O-Z.xml.tar.gz
Oncoscience/,non_comm_use.O-Z.xml.tar.gz
Pathogens/,non_comm_use.O-Z.xml.tar.gz
Toxins_(Basel)/,non_comm_use.O-Z.xml.tar.gz
Transl_Respir_Med/,non_comm_use.O-Z.xml.tar.gz
Pharmaceutics/,non_comm_use.O-Z.xml.tar.gz
